"Time","User","Result"
"10/1/2026 3:16:25 PM","alopez","Failed - The password does not meet the length, complexity, or history requirement of the domain."
"10/1/2026 3:16:25 PM","bcarter","Failed - The password does not meet the length, complexity, or history requirement of the domain."
"10/1/2026 3:16:25 PM","cnguyen","Failed - The password does not meet the length, complexity, or history requirement of the domain."
"10/1/2026 3:16:25 PM","dkim","Failed - The password does not meet the length, complexity, or history requirement of the domain."
"10/1/2026 3:16:25 PM","erossi","Failed - The password does not meet the length, complexity, or history requirement of the domain."
"10/1/2026 3:16:25 PM","fortiz","Failed - The password does not meet the length, complexity, or history requirement of the domain."
"10/1/2026 3:16:25 PM","gpatel","Failed - The password does not meet the length, complexity, or history requirement of the domain."
"10/1/2026 3:16:25 PM","hbrooks","Failed - The password does not meet the length, complexity, or history requirement of the domain."
"10/1/2026 3:16:25 PM","idiaz","Failed - The password does not meet the length, complexity, or history requirement of the domain."
"10/1/2026 3:16:25 PM","jreed","Failed - The password does not meet the length, complexity, or history requirement of the domain."
"10/1/2026 3:20:15 PM","alopez","Created in HR, added to SG-HR"
"10/1/2026 3:20:15 PM","bcarter","Created in HR, added to SG-HR"
"10/1/2026 3:20:15 PM","cnguyen","Created in HR, added to SG-HR"
"10/1/2026 3:20:15 PM","dkim","Created in Finance, added to SG-Finance"
"10/1/2026 3:20:15 PM","erossi","Created in Finance, added to SG-Finance"
"10/1/2026 3:20:15 PM","fortiz","Created in Finance, added to SG-Finance"
"10/1/2026 3:20:15 PM","gpatel","Created in Finance, added to SG-Finance"
"10/1/2026 3:20:16 PM","hbrooks","Created in IT, added to SG-IT"
"10/1/2026 3:20:16 PM","idiaz","Created in IT, added to SG-IT"
"10/1/2026 3:20:16 PM","jreed","Created in IT, added to SG-IT"
